code,system
7H1Cz00,readv2
7H15100,readv2
J323.00,readv2
7H1Cy00,readv2
7H1C000,readv2
7H1C200,readv2
J32y100,readv2
J322.00,readv2
7H15.00,readv2
J321z00,readv2
7H15z00,readv2
J321100,readv2
7H15y00,readv2
7H1C100,readv2
J323z00,readv2
J320z00,readv2
J321.00,readv2
J32y.00,readv2
7H15000,readv2
J32z.00,readv2
J323100,readv2
J32..12,readv2
7H15200,readv2
J32..00,readv2
J322z00,readv2
J32yz00,readv2
J322100,readv2
J320100,readv2
7H1C.00,readv2
K42,readv2
T24.8,readv2
T24.3,readv2
T24,readv2
T24.1,readv2
T24.2,readv2
T24.9,readv2
7H14.00,readv2
7H14200,readv2
7H1E.00,readv2
7H1D100,readv2
J301100,readv2
7H12000,readv2
7H14y00,readv2
7H12100,readv2
J303300,readv2
7H1D200,readv2
J312100,readv2
7H1Ez00,readv2
7H1D.00,readv2
J313100,readv2
J300300,readv2
7H12y00,readv2
7H14100,readv2
J302100,readv2
7H12.00,readv2
7H1Ey00,readv2
7H1Dz00,readv2
7H1E100,readv2
7H1E000,readv2
J30y300,readv2
7H12200,readv2
7H14z00,readv2
7H1E200,readv2
J31y100,readv2
7H1Dy00,readv2
7H12z00,readv2
J302300,readv2
J30y100,readv2
J303100,readv2
T97.3,readv2
T98.8,readv2
T21.8,readv2
T23.3,readv2
T97.8,readv2
T23.9,readv2
T21.2,readv2
T97.9,readv2
T97.2,readv2
T23,readv2
T23.8,readv2
T21.1,readv2
T97,readv2
T21.9,readv2
T98.3,readv2
T98.9,readv2
T21,readv2
T21.3,readv2
T98.2,readv2
T23.2,readv2
T23.1,readv2
T98,readv2
T97.1,readv2
T98.1,readv2
J313000,readv2
J30y000,readv2
J301000,readv2
J310000,readv2
J303000,readv2
7H11500,readv2
J302200,readv2
J301200,readv2
J30y200,readv2
J31y200,readv2
J311000,readv2
J300000,readv2
J312000,readv2
J302000,readv2
J313200,readv2
J31y000,readv2
J303200,readv2
Jyu3000,readv2
Jyu3200,readv2
J300.00,readv2
J310z00,readv2
J310.00,readv2
J330z00,readv2
J300z00,readv2
J330.00,readv2
7H18400,readv2
J33..11,readv2
J332200,readv2
J333211,readv2
J33z200,readv2
J331200,readv2
J333200,readv2
J330200,readv2
7H13213,readv2
7H13214,readv2
7H13215,readv2
7H13211,readv2
J31..00,readv2
7H13.11,readv2
7H13212,readv2
J31z.00,readv2
K41,readv2
25P5.00,readv2
J35..00,readv2
J3A..00,readv2
J3D..00,readv2
25P6.00,readv2
J36..00,readv2
J30..14,readv2
25P4.00,readv2
J3yz.11,readv2
5275,readv2
T19.3,readv2
J3z..00,readv2
J3z0.00,readv2
J3z3.00,readv2
J3...00,readv2
J3yy.00,readv2
J3y3.00,readv2
J3zz.00,readv2
J3y2.00,readv2
J3y1.00,readv2
J3z1.00,readv2
J3yz.00,readv2
J3y0.00,readv2
J3y..00,readv2
J3z2.00,readv2
J3C3.00,readv2
J3C0.00,readv2
J3Cz.00,readv2
J3Cy.00,readv2
J3C2.00,readv2
J3C..00,readv2
J3C1.00,readv2
J302z00,readv2
J332.00,readv2
J312z00,readv2
25P2.00,readv2
J332z00,readv2
J332000,readv2
J302.00,readv2
J312.00,readv2
25P3.00,readv2
7H18100,readv2
7H13100,readv2
7H11100,readv2
T22.2,readv2
T27.2,readv2
T20.2,readv2
J311.00,readv2
J331.00,readv2
J301.00,readv2
J311z00,readv2
J331z00,readv2
J301z00,readv2
7H15300,readv2
7H14300,readv2
7H1C300,readv2
7H18300,readv2
7H12300,readv2
T23.4,readv2
T27.4,readv2
T21.4,readv2
T24.4,readv2
J33..00,readv2
J33z.00,readv2
7H18.11,readv2
J33z000,readv2
J333000,readv2
J333z00,readv2
J333.00,readv2
K43,readv2
J37z.00,readv2
J37y.00,readv2
J37..00,readv2
J373.00,readv2
J30..13,readv2
J30..12,readv2
J304.00,readv2
J305.00,readv2
7H11y11,readv2
7H11211,readv2
7H11213,readv2
J303011,readv2
7H11214,readv2
J30z.00,readv2
7H11212,readv2
PG8..00,readv2
J303012,readv2
J30..00,readv2
K40,readv2
7H17000,readv2
7H16z00,readv2
7H16200,readv2
7H16.00,readv2
7H17z00,readv2
7H16100,readv2
J332100,readv2
7H16000,readv2
7H17y00,readv2
7H17100,readv2
7H17300,readv2
7H17.00,readv2
J333100,readv2
7H17200,readv2
J33z100,readv2
7H17.11,readv2
7H16y00,readv2
7H16111,readv2
J330100,readv2
J33..12,readv2
J331100,readv2
T26.1,readv2
T26.2,readv2
T25,readv2
T25.9,readv2
T26.3,readv2
T25.3,readv2
T26.4,readv2
T26,readv2
T26.9,readv2
T25.8,readv2
T26.8,readv2
T25.2,readv2
T25.1,readv2
7H13z00,readv2
7H11z00,readv2
7H11.00,readv2
7H11600,readv2
7H11111,readv2
7H13.00,readv2
T20,readv2
T22,readv2
14C3.00,readv2
25P..12,readv2
Jyu3.00,readv2
48277,readv2
9405,readv2
97892,readv2
16913,readv2
15595,readv2
27524,readv2
2230,readv2
20056,readv2
1071,readv2
36482,readv2
6537,readv2
28060,readv2
408,readv2
44672,readv2
67143,readv2
52713,readv2
4249,readv2
62839,readv2
10926,readv2
27469,readv2
34784,readv2
23925,readv2
71971,readv2
21516,readv2
44501,readv2
27850,readv2
29341,readv2
54363,readv2
722,readv2
108492,readv2
64956,readv2
15486,readv2
48103,readv2
65608,readv2
61003,readv2
53645,readv2
7445,readv2
70984,readv2
48246,readv2
29693,readv2
108531,readv2
25413,readv2
3261,readv2
63481,readv2
57593,readv2
45371,readv2
60858,readv2
97851,readv2
5531,readv2
31216,readv2
71798,readv2
65112,readv2
29088,readv2
20259,readv2
37837,readv2
1225,readv2
64171,readv2
50775,readv2
41624,readv2
45085,readv2
50684,readv2
64823,readv2
43118,readv2
63168,readv2
29847,readv2
53733,readv2
41798,readv2
21569,readv2
25257,readv2
102732,readv2
800,readv2
33753,readv2
57074,readv2
1559,readv2
70896,readv2
23543,readv2
95806,readv2
99212,readv2
9557,readv2
65147,readv2
102024,readv2
45461,readv2
31694,readv2
28117,readv2
56174,readv2
20280,readv2
53662,readv2
53966,readv2
52808,readv2
53798,readv2
8872,readv2
100575,readv2
8042,readv2
3174,readv2
104452,readv2
41671,readv2
52623,readv2
61539,readv2
3651,readv2
26890,readv2
65383,readv2
30056,readv2
5653,readv2
105280,readv2
64521,readv2
41557,readv2
44415,readv2
15608,readv2
51611,readv2
57046,readv2
63166,readv2
36265,readv2
44603,readv2
7921,readv2
35442,readv2
50434,readv2
64119,readv2
93234,readv2
58874,readv2
3952,readv2
27607,readv2
2987,readv2
69934,readv2
45432,readv2
51564,readv2
10544,readv2
22315,readv2
66751,readv2
93540,readv2
40757,readv2
3901,readv2
20603,readv2
2863,readv2
97718,readv2
3953,readv2
54857,readv2
35259,readv2
68494,readv2
27684,readv2
33531,readv2
41837,readv2
43120,readv2
1406,readv2
1484,readv2
15681,readv2
39795,readv2
107386,readv2
70641,readv2
41808,readv2
7H10.00,readv2
7H10y00,readv2
7H10z00,readv2
T19.8,readv2
T19,readv2
T19.9,readv2
82B2.00,readv2
J303.00,readv2
J313.00,readv2
J313z00,readv2
J303z00,readv2
7H13y00,readv2
7H18y00,readv2
J30yz00,readv2
J31y.00,readv2
J30y.00,readv2
J31yz00,readv2
7H11y00,readv2
K46,readv2
T22.8,readv2
T27.9,readv2
T22.9,readv2
T20.8,readv2
T27.8,readv2
T20.9,readv2
7H13000,readv2
7H18000,readv2
7H11000,readv2
T22.1,readv2
T27.1,readv2
T20.1,readv2
7H18.00,readv2
7H18z00,readv2
K45,readv2
T27,readv2
7H14.11,readv2
7H12.11,readv2
7H13200,readv2
7H11200,readv2
7H18200,readv2
T22.3,readv2
T27.3,readv2
T20.3,readv2
7H11300,readv2
T20.4,readv2
J3B3.00,readv2
J3B..00,readv2
7H11400,readv2
7H13300,readv2
J38..00,readv2
J383.00,readv2
J381.00,readv2
J38z.00,readv2
J30..11,readv2
94065,readv2
59925,readv2
17898,readv2
3742,readv2
44246,readv2
42741,readv2
50547,readv2
99143,readv2
33743,readv2
45678,readv2
3534,readv2
93769,readv2
94802,readv2
52472,readv2
59850,readv2
94896,readv2
102649,readv2
7679,readv2
17191,readv2
10301,readv2
35236,readv2
67276,readv2
56519,readv2
108628,readv2
24982,readv2
41509,readv2
15680,readv2
33696,readv2
31396,readv2
105998,readv2
48823,readv2
53447,readv2
103974,readv2
56506,readv2
611,readv2
38101,readv2
24628,readv2
42143,readv2
40679,readv2
45772,readv2
11206,readv2
68086,readv2
244,readv2
48101,readv2
15050,readv2
60614,readv2
268,readv2
96844,readv2
72057,readv2
652,readv2
101576,readv2
91771,readv2
12842,readv2
68045,readv2
12246,readv2
90490,readv2
42716,readv2
70611,readv2
70402,readv2
47125,readv2
63506,readv2
64977,readv2
62486,readv2
64067,readv2
36963,readv2
14670,readv2
34915,readv2
95704,readv2
56522,readv2
33485,readv2
67309,readv2
45687,readv2
29442,readv2
71835,readv2
102624,readv2
90489,readv2
94016,readv2
21284,readv2
5870,readv2
103310,readv2
57942,readv2
19397,readv2
19219,readv2
53794,readv2
28944,readv2
9949,readv2
34987,readv2
28558,readv2
3200,readv2
96040,readv2
37796,readv2
3367,readv2
69455,readv2
41790,readv2
10139,readv2
41524,readv2
T19.1,readv2
T19.2,readv2